timestamp_utc,pod,cpu_percent,memory_mib
2026-07-04T16:41:05.128Z,jenkins-process,3.6,593.57
2026-07-04T16:41:06.282Z,jenkins-process,3.6,593.57
2026-07-04T16:41:07.043Z,jenkins-process,3.6,593.57
2026-07-04T16:41:07.762Z,jenkins-process,3.6,593.57
2026-07-04T16:41:08.583Z,jenkins-process,3.6,593.58
2026-07-04T16:41:09.442Z,jenkins-process,3.6,593.58
2026-07-04T16:41:10.229Z,jenkins-process,3.6,593.58
2026-07-04T16:41:10.992Z,jenkins-process,3.6,593.49
2026-07-04T16:41:11.827Z,jenkins-process,3.6,593.49
2026-07-04T16:41:12.672Z,jenkins-process,3.6,593.49
2026-07-04T16:41:13.517Z,jenkins-process,3.6,593.50
2026-07-04T16:41:14.254Z,jenkins-process,3.6,593.50
2026-07-04T16:41:15.038Z,jenkins-process,3.6,593.50
2026-07-04T16:41:15.929Z,jenkins-process,3.6,593.50
2026-07-04T16:41:16.836Z,jenkins-process,3.6,593.50
2026-07-04T16:41:17.569Z,jenkins-process,3.6,593.50
2026-07-04T16:41:18.324Z,jenkins-process,3.6,593.50
2026-07-04T16:41:19.125Z,jenkins-process,3.6,593.50
2026-07-04T16:41:20.016Z,jenkins-process,3.6,593.50
2026-07-04T16:41:20.875Z,jenkins-process,3.6,593.50
2026-07-04T16:41:21.593Z,jenkins-process,3.6,593.50
2026-07-04T16:41:22.352Z,jenkins-process,3.6,593.50
2026-07-04T16:41:23.129Z,jenkins-process,3.6,593.50
2026-07-04T16:41:23.998Z,jenkins-process,3.6,593.50
2026-07-04T16:41:24.855Z,jenkins-process,3.6,593.50
2026-07-04T16:41:25.649Z,jenkins-process,3.6,593.50
2026-07-04T16:41:26.486Z,jenkins-process,3.6,593.50
2026-07-04T16:41:27.266Z,jenkins-process,3.6,593.50
2026-07-04T16:41:28.012Z,jenkins-process,3.6,593.50
2026-07-04T16:41:28.854Z,jenkins-process,3.6,593.50
2026-07-04T16:41:29.630Z,jenkins-process,3.5,593.50
2026-07-04T16:41:30.479Z,jenkins-process,3.5,593.50
2026-07-04T16:41:31.391Z,jenkins-process,3.5,593.50
2026-07-04T16:41:32.176Z,jenkins-process,3.5,593.50
2026-07-04T16:41:32.949Z,jenkins-process,3.5,593.50
2026-07-04T16:41:33.837Z,jenkins-process,3.5,593.51
2026-07-04T16:41:34.708Z,jenkins-process,3.5,593.51
2026-07-04T16:41:35.582Z,jenkins-process,3.5,593.51
2026-07-04T16:41:36.441Z,jenkins-process,3.5,593.51
2026-07-04T16:41:37.219Z,jenkins-process,3.5,593.51
2026-07-04T16:41:38.001Z,jenkins-process,3.5,593.51
2026-07-04T16:41:38.865Z,jenkins-process,3.5,593.51
2026-07-04T16:41:39.713Z,jenkins-process,3.5,593.51
2026-07-04T16:41:40.481Z,jenkins-process,3.5,593.51
2026-07-04T16:41:41.342Z,jenkins-process,3.5,593.51
2026-07-04T16:41:42.272Z,jenkins-process,3.5,593.51
2026-07-04T16:41:43.137Z,jenkins-process,3.5,593.52
2026-07-04T16:41:43.947Z,jenkins-process,3.5,593.52
2026-07-04T16:41:44.690Z,jenkins-process,3.5,593.52
2026-07-04T16:41:45.435Z,jenkins-process,3.5,593.52
2026-07-04T16:41:46.300Z,jenkins-process,3.5,593.52
2026-07-04T16:41:47.088Z,jenkins-process,3.5,593.52
2026-07-04T16:41:47.846Z,jenkins-process,3.5,593.52
2026-07-04T16:41:48.665Z,jenkins-process,3.5,593.52
2026-07-04T16:41:49.543Z,jenkins-process,3.5,593.52
2026-07-04T16:41:50.421Z,jenkins-process,3.5,593.52
2026-07-04T16:41:51.300Z,jenkins-process,3.5,593.52
2026-07-04T16:41:52.088Z,jenkins-process,3.5,593.52
2026-07-04T16:41:52.886Z,jenkins-process,3.5,593.52
2026-07-04T16:41:53.741Z,jenkins-process,3.5,593.52
2026-07-04T16:41:54.610Z,jenkins-process,3.5,593.52
2026-07-04T16:41:55.482Z,jenkins-process,3.5,593.52
2026-07-04T16:41:56.221Z,jenkins-process,3.5,593.52
2026-07-04T16:41:57.014Z,jenkins-process,3.5,593.52
2026-07-04T16:41:57.831Z,jenkins-process,3.5,593.52
2026-07-04T16:41:58.721Z,jenkins-process,3.5,593.56
2026-07-04T16:41:59.486Z,jenkins-process,3.5,593.56
2026-07-04T16:42:00.282Z,jenkins-process,3.5,593.56
2026-07-04T16:42:01.079Z,jenkins-process,3.5,593.56
2026-07-04T16:42:01.884Z,jenkins-process,3.5,593.56
2026-07-04T16:42:02.640Z,jenkins-process,3.5,593.56
2026-07-04T16:42:03.461Z,jenkins-process,3.5,593.56
2026-07-04T16:42:04.258Z,jenkins-process,3.5,593.56
2026-07-04T16:42:05.081Z,jenkins-process,3.5,593.56
2026-07-04T16:42:05.927Z,jenkins-process,3.5,593.56
2026-07-04T16:42:07.035Z,jenkins-process,3.5,593.56
2026-07-04T16:42:07.813Z,jenkins-process,3.5,593.56
2026-07-04T16:42:08.599Z,jenkins-process,3.5,593.56
2026-07-04T16:42:09.510Z,jenkins-process,3.5,593.56
2026-07-04T16:42:10.323Z,jenkins-process,3.5,593.56
2026-07-04T16:42:11.198Z,jenkins-process,3.5,593.46
2026-07-04T16:42:12.035Z,jenkins-process,3.5,593.46
2026-07-04T16:42:12.795Z,jenkins-process,3.5,593.46
2026-07-04T16:42:13.712Z,jenkins-process,3.5,593.50
2026-07-04T16:42:14.530Z,jenkins-process,3.5,593.50
2026-07-04T16:42:15.406Z,jenkins-process,3.5,593.50
2026-07-04T16:42:16.220Z,jenkins-process,3.5,593.50
2026-07-04T16:42:17.035Z,jenkins-process,3.5,593.50
2026-07-04T16:42:17.835Z,jenkins-process,3.5,593.50
2026-07-04T16:42:18.699Z,jenkins-process,3.5,593.50
2026-07-04T16:42:19.584Z,jenkins-process,3.5,593.50
2026-07-04T16:42:20.356Z,jenkins-process,3.5,593.50
2026-07-04T16:42:21.117Z,jenkins-process,3.5,593.50
2026-07-04T16:42:22.011Z,jenkins-process,3.5,593.50
2026-07-04T16:42:22.888Z,jenkins-process,3.5,593.50
2026-07-04T16:42:23.791Z,jenkins-process,3.5,593.50
2026-07-04T16:42:24.528Z,jenkins-process,3.5,593.50
2026-07-04T16:42:25.358Z,jenkins-process,3.5,593.50
2026-07-04T16:42:26.234Z,jenkins-process,3.5,593.50
2026-07-04T16:42:27.123Z,jenkins-process,3.5,593.50
2026-07-04T16:42:27.992Z,jenkins-process,3.5,593.50
2026-07-04T16:42:28.751Z,jenkins-process,3.5,593.50
2026-07-04T16:42:29.563Z,jenkins-process,3.5,593.50
2026-07-04T16:42:30.491Z,jenkins-process,3.5,593.50
2026-07-04T16:42:31.327Z,jenkins-process,3.5,593.50
2026-07-04T16:42:32.185Z,jenkins-process,3.5,593.50
2026-07-04T16:42:32.957Z,jenkins-process,3.5,593.50
2026-07-04T16:42:33.761Z,jenkins-process,3.5,593.50
2026-07-04T16:42:34.695Z,jenkins-process,3.5,593.50
2026-07-04T16:42:35.522Z,jenkins-process,3.5,593.50
2026-07-04T16:42:36.373Z,jenkins-process,3.5,593.50
2026-07-04T16:42:37.163Z,jenkins-process,3.5,593.50
2026-07-04T16:42:37.937Z,jenkins-process,3.5,593.50
2026-07-04T16:42:38.890Z,jenkins-process,3.5,593.50
2026-07-04T16:42:39.721Z,jenkins-process,3.5,593.50
2026-07-04T16:42:40.584Z,jenkins-process,3.5,593.50
2026-07-04T16:42:41.363Z,jenkins-process,3.5,593.50
2026-07-04T16:42:42.209Z,jenkins-process,3.5,593.50
2026-07-04T16:42:43.087Z,jenkins-process,3.5,593.50
2026-07-04T16:42:43.980Z,jenkins-process,3.5,593.50
2026-07-04T16:42:44.837Z,jenkins-process,3.5,593.50
2026-07-04T16:42:45.641Z,jenkins-process,3.5,593.50
2026-07-04T16:42:46.384Z,jenkins-process,3.5,593.50
2026-07-04T16:42:47.167Z,jenkins-process,3.5,593.50
2026-07-04T16:42:48.015Z,jenkins-process,3.5,593.50
2026-07-04T16:42:48.800Z,jenkins-process,3.5,593.50
2026-07-04T16:42:49.601Z,jenkins-process,3.5,593.50
2026-07-04T16:42:50.404Z,jenkins-process,3.5,593.50
2026-07-04T16:42:51.214Z,jenkins-process,3.5,593.50
2026-07-04T16:42:52.100Z,jenkins-process,3.5,593.50
2026-07-04T16:42:52.903Z,jenkins-process,3.5,593.50
2026-07-04T16:42:53.694Z,jenkins-process,3.5,593.50
2026-07-04T16:42:54.599Z,jenkins-process,3.5,593.50
2026-07-04T16:42:55.509Z,jenkins-process,3.5,593.50
2026-07-04T16:42:56.410Z,jenkins-process,3.5,593.50
2026-07-04T16:42:57.193Z,jenkins-process,3.4,593.50
2026-07-04T16:42:57.965Z,jenkins-process,3.4,593.50
2026-07-04T16:42:58.721Z,jenkins-process,3.4,593.51
2026-07-04T16:42:59.592Z,jenkins-process,3.4,593.51
2026-07-04T16:43:00.507Z,jenkins-process,3.4,593.51
2026-07-04T16:43:01.292Z,jenkins-process,3.4,593.51
2026-07-04T16:43:02.041Z,jenkins-process,3.4,593.51
2026-07-04T16:43:02.923Z,jenkins-process,3.4,593.51
2026-07-04T16:43:03.791Z,jenkins-process,3.4,593.51
2026-07-04T16:43:04.670Z,jenkins-process,3.4,593.51
2026-07-04T16:43:05.503Z,jenkins-process,3.4,593.51
2026-07-04T16:43:06.287Z,jenkins-process,3.4,593.51
2026-07-04T16:43:07.652Z,jenkins-process,3.4,593.51
2026-07-04T16:43:08.397Z,jenkins-process,3.4,593.51
2026-07-04T16:43:09.310Z,jenkins-process,3.4,593.51
2026-07-04T16:43:10.136Z,jenkins-process,3.4,593.51
2026-07-04T16:43:10.987Z,jenkins-process,3.4,593.51
2026-07-04T16:43:11.682Z,jenkins-process,3.4,593.51
2026-07-04T16:43:12.455Z,jenkins-process,3.4,593.51
2026-07-04T16:43:13.289Z,jenkins-process,3.4,593.52
2026-07-04T16:43:14.135Z,jenkins-process,3.4,593.52
2026-07-04T16:43:14.864Z,jenkins-process,3.4,593.52
2026-07-04T16:43:15.614Z,jenkins-process,3.4,593.52
2026-07-04T16:43:16.472Z,jenkins-process,3.4,593.42
2026-07-04T16:43:17.331Z,jenkins-process,3.4,593.42
2026-07-04T16:43:18.123Z,jenkins-process,3.4,593.42
2026-07-04T16:43:18.924Z,jenkins-process,3.4,593.44
2026-07-04T16:43:19.744Z,jenkins-process,3.4,593.44
2026-07-04T16:43:20.581Z,jenkins-process,3.4,593.44
2026-07-04T16:43:21.470Z,jenkins-process,3.4,593.44
2026-07-04T16:43:22.208Z,jenkins-process,3.4,593.44
2026-07-04T16:43:22.979Z,jenkins-process,3.4,593.44
2026-07-04T16:43:23.816Z,jenkins-process,3.4,593.44
2026-07-04T16:43:24.664Z,jenkins-process,3.4,593.44
2026-07-04T16:43:25.486Z,jenkins-process,3.4,593.44
2026-07-04T16:43:26.222Z,jenkins-process,3.4,593.44
2026-07-04T16:43:27.061Z,jenkins-process,3.4,593.44
2026-07-04T16:43:27.913Z,jenkins-process,3.4,593.44
2026-07-04T16:43:28.793Z,jenkins-process,3.4,593.44
2026-07-04T16:43:29.505Z,jenkins-process,3.4,593.44
2026-07-04T16:43:30.267Z,jenkins-process,3.4,593.44
2026-07-04T16:43:31.184Z,jenkins-process,3.4,593.44
2026-07-04T16:43:31.985Z,jenkins-process,3.4,593.44
2026-07-04T16:43:32.808Z,jenkins-process,3.4,593.44
2026-07-04T16:43:33.595Z,jenkins-process,3.4,593.45
2026-07-04T16:43:34.405Z,jenkins-process,3.4,593.45
2026-07-04T16:43:35.245Z,jenkins-process,3.4,593.45
2026-07-04T16:43:36.103Z,jenkins-process,3.4,593.45
2026-07-04T16:43:36.917Z,jenkins-process,3.4,593.45
2026-07-04T16:43:37.738Z,jenkins-process,3.4,593.45
2026-07-04T16:43:38.604Z,jenkins-process,3.4,593.45
2026-07-04T16:43:39.468Z,jenkins-process,3.4,593.45
2026-07-04T16:43:40.352Z,jenkins-process,3.4,593.45
2026-07-04T16:43:41.135Z,jenkins-process,3.4,593.45
2026-07-04T16:43:41.963Z,jenkins-process,3.4,593.45
2026-07-04T16:43:42.780Z,jenkins-process,3.4,593.45
2026-07-04T16:43:43.669Z,jenkins-process,3.4,593.45
2026-07-04T16:43:44.543Z,jenkins-process,3.4,593.45
2026-07-04T16:43:45.336Z,jenkins-process,3.4,593.45
2026-07-04T16:43:46.058Z,jenkins-process,3.4,593.45
2026-07-04T16:43:46.862Z,jenkins-process,3.4,593.45
2026-07-04T16:43:47.681Z,jenkins-process,3.4,593.45
2026-07-04T16:43:48.432Z,jenkins-process,3.4,593.45
2026-07-04T16:43:49.223Z,jenkins-process,3.4,593.45
2026-07-04T16:43:50.092Z,jenkins-process,3.4,593.45
2026-07-04T16:43:50.986Z,jenkins-process,3.4,593.45
2026-07-04T16:43:51.854Z,jenkins-process,3.4,593.45
2026-07-04T16:43:52.621Z,jenkins-process,3.4,593.45
2026-07-04T16:43:53.400Z,jenkins-process,3.4,593.45
2026-07-04T16:43:54.280Z,jenkins-process,3.4,593.45
2026-07-04T16:43:55.175Z,jenkins-process,3.4,593.45
2026-07-04T16:43:56.057Z,jenkins-process,3.4,593.45
2026-07-04T16:43:56.839Z,jenkins-process,3.4,593.45
2026-07-04T16:43:57.620Z,jenkins-process,3.4,593.45
2026-07-04T16:43:58.480Z,jenkins-process,3.4,593.45
2026-07-04T16:43:59.353Z,jenkins-process,3.4,593.45
2026-07-04T16:44:00.079Z,jenkins-process,3.4,593.45
2026-07-04T16:44:00.930Z,jenkins-process,3.4,593.45
2026-07-04T16:44:01.735Z,jenkins-process,3.4,593.45
2026-07-04T16:44:02.560Z,jenkins-process,3.4,593.45
2026-07-04T16:44:03.434Z,jenkins-process,3.4,593.45
2026-07-04T16:44:04.213Z,jenkins-process,3.4,593.45
2026-07-04T16:44:04.977Z,jenkins-process,3.4,593.45
2026-07-04T16:44:05.904Z,jenkins-process,3.4,593.45
2026-07-04T16:44:06.885Z,jenkins-process,3.4,593.45
2026-07-04T16:44:08.120Z,jenkins-process,3.4,593.45
2026-07-04T16:44:09.023Z,jenkins-process,3.4,593.45
2026-07-04T16:44:09.891Z,jenkins-process,3.4,593.45
2026-07-04T16:44:10.826Z,jenkins-process,3.4,593.45
2026-07-04T16:44:11.752Z,jenkins-process,3.4,593.45
2026-07-04T16:44:12.566Z,jenkins-process,3.4,593.45
2026-07-04T16:44:13.368Z,jenkins-process,3.4,593.45
2026-07-04T16:44:14.291Z,jenkins-process,3.4,593.45
2026-07-04T16:44:15.162Z,jenkins-process,3.4,593.45
2026-07-04T16:44:15.997Z,jenkins-process,3.4,593.48
2026-07-04T16:44:16.791Z,jenkins-process,3.4,593.48
2026-07-04T16:44:17.538Z,jenkins-process,3.4,593.48
2026-07-04T16:44:18.447Z,jenkins-process,3.4,593.50
2026-07-04T16:44:19.310Z,jenkins-process,3.4,593.50
2026-07-04T16:44:20.230Z,jenkins-process,3.4,593.50
2026-07-04T16:44:21.207Z,jenkins-process,3.4,593.40
2026-07-04T16:44:21.895Z,jenkins-process,3.4,593.40
2026-07-04T16:44:22.634Z,jenkins-process,3.4,593.40
2026-07-04T16:44:23.504Z,jenkins-process,3.4,593.40
2026-07-04T16:44:24.335Z,jenkins-process,3.4,594.07
2026-07-04T16:44:25.145Z,jenkins-process,3.4,597.16
2026-07-04T16:44:25.910Z,jenkins-process,3.4,597.43
2026-07-04T16:44:26.791Z,jenkins-process,3.4,597.64
2026-07-04T16:44:27.693Z,jenkins-process,3.4,598.70
2026-07-04T16:44:28.510Z,jenkins-process,3.4,598.83
2026-07-04T16:44:29.262Z,jenkins-process,3.4,598.98
2026-07-04T16:44:29.979Z,jenkins-process,3.4,599.26
2026-07-04T16:44:30.785Z,jenkins-process,3.4,599.26
2026-07-04T16:44:31.504Z,jenkins-process,3.4,599.28
2026-07-04T16:44:32.209Z,jenkins-process,3.4,599.28
2026-07-04T16:44:33.041Z,jenkins-process,3.4,599.28
2026-07-04T16:44:33.918Z,jenkins-process,3.4,599.29
2026-07-04T16:44:34.595Z,jenkins-process,3.4,599.32
2026-07-04T16:44:35.350Z,jenkins-process,3.4,599.32
2026-07-04T16:44:36.190Z,jenkins-process,3.4,599.32
2026-07-04T16:44:36.988Z,jenkins-process,3.4,599.32
2026-07-04T16:44:37.763Z,jenkins-process,3.4,599.32
2026-07-04T16:44:38.520Z,jenkins-process,3.4,599.32
2026-07-04T16:44:39.394Z,jenkins-process,3.4,600.68
2026-07-04T16:44:40.263Z,jenkins-process,3.4,601.24
2026-07-04T16:44:41.118Z,jenkins-process,3.4,601.38
2026-07-04T16:44:41.918Z,jenkins-process,3.4,601.59
2026-07-04T16:44:42.683Z,jenkins-process,3.4,601.78
2026-07-04T16:44:43.496Z,jenkins-process,3.4,601.92
2026-07-04T16:44:44.295Z,jenkins-process,3.4,601.94
2026-07-04T16:44:45.037Z,jenkins-process,3.4,602.09
2026-07-04T16:44:45.792Z,jenkins-process,3.4,602.09
2026-07-04T16:44:46.642Z,jenkins-process,3.4,602.09
2026-07-04T16:44:47.503Z,jenkins-process,3.4,602.09
2026-07-04T16:44:48.292Z,jenkins-process,3.4,602.09
2026-07-04T16:44:49.038Z,jenkins-process,3.4,602.09
2026-07-04T16:44:49.810Z,jenkins-process,3.4,602.09
2026-07-04T16:44:50.660Z,jenkins-process,3.4,602.09
2026-07-04T16:44:51.368Z,jenkins-process,3.4,602.09
2026-07-04T16:44:52.108Z,jenkins-process,3.4,602.09
2026-07-04T16:44:52.876Z,jenkins-process,3.4,602.17
2026-07-04T16:44:53.712Z,jenkins-process,3.4,602.17
2026-07-04T16:44:54.496Z,jenkins-process,3.4,602.17
2026-07-04T16:44:55.225Z,jenkins-process,3.4,602.17
2026-07-04T16:44:56.016Z,jenkins-process,3.4,602.17
2026-07-04T16:44:56.868Z,jenkins-process,3.4,602.17
2026-07-04T16:44:57.542Z,jenkins-process,3.4,602.17
2026-07-04T16:44:58.259Z,jenkins-process,3.4,602.20
2026-07-04T16:44:59.065Z,jenkins-process,3.4,602.20
2026-07-04T16:44:59.965Z,jenkins-process,3.4,608.18
2026-07-04T16:45:00.700Z,jenkins-process,3.4,608.26
2026-07-04T16:45:01.422Z,jenkins-process,3.4,608.30
2026-07-04T16:45:02.285Z,jenkins-process,3.4,608.39
2026-07-04T16:45:03.115Z,jenkins-process,3.4,608.40
2026-07-04T16:45:03.848Z,jenkins-process,3.4,608.40
2026-07-04T16:45:04.586Z,jenkins-process,3.4,608.40
2026-07-04T16:45:05.406Z,jenkins-process,3.4,608.41
2026-07-04T16:45:06.090Z,jenkins-process,3.4,608.41
2026-07-04T16:45:06.833Z,jenkins-process,3.4,608.41
2026-07-04T16:45:07.739Z,jenkins-process,3.4,608.41
2026-07-04T16:45:08.878Z,jenkins-process,3.4,608.43
2026-07-04T16:45:09.701Z,jenkins-process,3.4,608.48
2026-07-04T16:45:10.493Z,jenkins-process,3.4,608.48
2026-07-04T16:45:11.243Z,jenkins-process,3.4,608.48
2026-07-04T16:45:11.992Z,jenkins-process,3.4,608.48
2026-07-04T16:45:12.748Z,jenkins-process,3.4,608.48
2026-07-04T16:45:13.594Z,jenkins-process,3.4,608.48
2026-07-04T16:45:14.282Z,jenkins-process,3.4,608.48
2026-07-04T16:45:15.033Z,jenkins-process,3.4,608.48
2026-07-04T16:45:15.886Z,jenkins-process,3.4,608.48
2026-07-04T16:45:16.736Z,jenkins-process,3.4,608.48
2026-07-04T16:45:17.563Z,jenkins-process,3.4,608.48
2026-07-04T16:45:18.335Z,jenkins-process,3.4,608.48
2026-07-04T16:45:19.149Z,jenkins-process,3.4,608.48
2026-07-04T16:45:19.920Z,jenkins-process,3.4,608.48
2026-07-04T16:45:20.674Z,jenkins-process,3.4,608.48
2026-07-04T16:45:21.409Z,jenkins-process,3.4,608.41
2026-07-04T16:45:22.210Z,jenkins-process,3.4,608.41
2026-07-04T16:45:23.048Z,jenkins-process,3.4,608.41
2026-07-04T16:45:23.750Z,jenkins-process,3.4,608.41
2026-07-04T16:45:24.540Z,jenkins-process,3.4,608.75
2026-07-04T16:45:25.374Z,jenkins-process,3.5,608.77
2026-07-04T16:45:26.226Z,jenkins-process,3.5,608.78
2026-07-04T16:45:26.931Z,jenkins-process,3.5,608.78
2026-07-04T16:45:27.650Z,jenkins-process,3.5,608.78
2026-07-04T16:45:28.446Z,jenkins-process,3.5,608.78
2026-07-04T16:45:29.189Z,jenkins-process,3.5,608.78
2026-07-04T16:45:29.935Z,jenkins-process,3.5,608.79
2026-07-04T16:45:30.762Z,jenkins-process,3.5,608.79
2026-07-04T16:45:31.596Z,jenkins-process,3.5,608.79
2026-07-04T16:45:32.282Z,jenkins-process,3.5,608.79
2026-07-04T16:45:33.027Z,jenkins-process,3.5,608.79
2026-07-04T16:45:33.863Z,jenkins-process,3.5,608.79
2026-07-04T16:45:34.737Z,jenkins-process,3.5,608.79
2026-07-04T16:45:35.477Z,jenkins-process,3.5,608.79
2026-07-04T16:45:36.210Z,jenkins-process,3.5,608.79
2026-07-04T16:45:37.052Z,jenkins-process,3.5,608.79
2026-07-04T16:45:37.892Z,jenkins-process,3.5,608.79
2026-07-04T16:45:38.644Z,jenkins-process,3.5,608.79
2026-07-04T16:45:39.372Z,jenkins-process,3.5,608.87
2026-07-04T16:45:40.208Z,jenkins-process,3.5,610.78
2026-07-04T16:45:41.018Z,jenkins-process,3.5,610.78
2026-07-04T16:45:41.919Z,jenkins-process,3.5,610.78
2026-07-04T16:45:42.687Z,jenkins-process,3.5,610.72
2026-07-04T16:45:43.403Z,jenkins-process,3.5,610.71
2026-07-04T16:45:44.199Z,jenkins-process,3.5,610.71
2026-07-04T16:45:45.095Z,jenkins-process,3.5,610.72
2026-07-04T16:45:45.844Z,jenkins-process,3.5,610.72
2026-07-04T16:45:46.552Z,jenkins-process,3.5,610.72
2026-07-04T16:45:47.492Z,jenkins-process,3.5,610.72
2026-07-04T16:45:48.351Z,jenkins-process,3.5,610.72
2026-07-04T16:45:49.254Z,jenkins-process,3.5,610.72
2026-07-04T16:45:49.964Z,jenkins-process,3.5,610.72
2026-07-04T16:45:50.699Z,jenkins-process,3.5,610.72
2026-07-04T16:45:51.554Z,jenkins-process,3.5,610.72
2026-07-04T16:45:52.462Z,jenkins-process,3.5,610.72
2026-07-04T16:45:53.201Z,jenkins-process,3.5,610.72
2026-07-04T16:45:54.014Z,jenkins-process,3.5,610.72
2026-07-04T16:45:54.905Z,jenkins-process,3.5,610.72
2026-07-04T16:45:55.761Z,jenkins-process,3.5,610.72
2026-07-04T16:45:56.643Z,jenkins-process,3.5,610.73
2026-07-04T16:45:57.421Z,jenkins-process,3.5,610.73
2026-07-04T16:45:58.210Z,jenkins-process,3.5,610.73
2026-07-04T16:45:59.039Z,jenkins-process,3.5,610.73
2026-07-04T16:45:59.888Z,jenkins-process,3.5,610.96
2026-07-04T16:46:00.665Z,jenkins-process,3.5,610.96
2026-07-04T16:46:01.430Z,jenkins-process,3.5,610.96
2026-07-04T16:46:02.217Z,jenkins-process,3.5,610.96
2026-07-04T16:46:03.032Z,jenkins-process,3.5,610.96
2026-07-04T16:46:03.770Z,jenkins-process,3.5,610.96
2026-07-04T16:46:04.502Z,jenkins-process,3.5,611.01
2026-07-04T16:46:05.415Z,jenkins-process,3.5,611.01
2026-07-04T16:46:06.237Z,jenkins-process,3.5,611.01
2026-07-04T16:46:06.967Z,jenkins-process,3.5,611.01
2026-07-04T16:46:07.747Z,jenkins-process,3.5,611.01
2026-07-04T16:46:08.497Z,jenkins-process,3.5,611.01
2026-07-04T16:46:09.621Z,jenkins-process,3.5,611.01
2026-07-04T16:46:10.411Z,jenkins-process,3.5,611.01
2026-07-04T16:46:11.089Z,jenkins-process,3.5,611.01
2026-07-04T16:46:11.786Z,jenkins-process,3.5,611.01
2026-07-04T16:46:12.582Z,jenkins-process,3.5,611.01
2026-07-04T16:46:13.414Z,jenkins-process,3.5,611.01
2026-07-04T16:46:14.139Z,jenkins-process,3.5,611.01
2026-07-04T16:46:14.899Z,jenkins-process,3.5,611.01
2026-07-04T16:46:15.722Z,jenkins-process,3.5,611.02
2026-07-04T16:46:16.543Z,jenkins-process,3.5,611.03
2026-07-04T16:46:17.302Z,jenkins-process,3.5,611.03
2026-07-04T16:46:18.044Z,jenkins-process,3.5,611.03
2026-07-04T16:46:18.818Z,jenkins-process,3.5,611.03
2026-07-04T16:46:19.653Z,jenkins-process,3.5,611.20
2026-07-04T16:46:20.413Z,jenkins-process,3.5,611.20
2026-07-04T16:46:21.178Z,jenkins-process,3.5,611.20
2026-07-04T16:46:21.942Z,jenkins-process,3.5,611.13
2026-07-04T16:46:22.696Z,jenkins-process,3.5,611.13
2026-07-04T16:46:23.411Z,jenkins-process,3.5,611.13
2026-07-04T16:46:24.311Z,jenkins-process,3.5,611.13
2026-07-04T16:46:25.196Z,jenkins-process,3.5,610.96
2026-07-04T16:46:26.007Z,jenkins-process,3.5,610.96
2026-07-04T16:46:26.786Z,jenkins-process,3.5,610.96
2026-07-04T16:46:27.462Z,jenkins-process,3.5,610.96
2026-07-04T16:46:28.214Z,jenkins-process,3.5,610.90
2026-07-04T16:46:28.960Z,jenkins-process,3.5,610.90
2026-07-04T16:46:29.699Z,jenkins-process,3.5,610.83
2026-07-04T16:46:30.473Z,jenkins-process,3.5,610.83
2026-07-04T16:46:31.302Z,jenkins-process,3.5,610.83
2026-07-04T16:46:32.088Z,jenkins-process,3.5,610.83
2026-07-04T16:46:32.929Z,jenkins-process,3.5,610.83
2026-07-04T16:46:33.893Z,jenkins-process,3.5,610.83
2026-07-04T16:46:34.833Z,jenkins-process,3.5,610.84
2026-07-04T16:46:35.739Z,jenkins-process,3.5,610.84
2026-07-04T16:46:36.665Z,jenkins-process,3.5,610.84
2026-07-04T16:46:37.600Z,jenkins-process,3.5,610.84
2026-07-04T16:46:38.565Z,jenkins-process,3.5,610.84
2026-07-04T16:46:39.369Z,jenkins-process,3.5,610.97
2026-07-04T16:46:40.237Z,jenkins-process,3.5,611.06
2026-07-04T16:46:41.085Z,jenkins-process,3.5,611.12
2026-07-04T16:46:42.008Z,jenkins-process,3.5,611.19
2026-07-04T16:46:42.906Z,jenkins-process,3.5,611.19
2026-07-04T16:46:43.892Z,jenkins-process,3.5,611.07
2026-07-04T16:46:44.681Z,jenkins-process,3.5,611.07
2026-07-04T16:46:45.577Z,jenkins-process,3.5,611.07
2026-07-04T16:46:46.376Z,jenkins-process,3.5,611.07
2026-07-04T16:46:47.233Z,jenkins-process,3.5,611.07
2026-07-04T16:46:48.021Z,jenkins-process,3.5,611.07
2026-07-04T16:46:48.740Z,jenkins-process,3.5,611.07
2026-07-04T16:46:49.507Z,jenkins-process,3.5,611.07
2026-07-04T16:46:50.406Z,jenkins-process,3.5,611.07
2026-07-04T16:46:51.224Z,jenkins-process,3.5,611.07
2026-07-04T16:46:51.987Z,jenkins-process,3.5,611.07
2026-07-04T16:46:52.814Z,jenkins-process,3.5,611.07
2026-07-04T16:46:53.656Z,jenkins-process,3.5,611.08
2026-07-04T16:46:54.510Z,jenkins-process,3.5,611.08
2026-07-04T16:46:55.456Z,jenkins-process,3.5,611.08
2026-07-04T16:46:56.405Z,jenkins-process,3.5,611.08
2026-07-04T16:46:57.229Z,jenkins-process,3.5,611.08
2026-07-04T16:46:58.057Z,jenkins-process,3.5,611.08
2026-07-04T16:46:58.864Z,jenkins-process,3.5,611.08
2026-07-04T16:46:59.714Z,jenkins-process,3.5,611.51
2026-07-04T16:47:00.576Z,jenkins-process,3.5,611.70
2026-07-04T16:47:01.334Z,jenkins-process,3.5,611.71
2026-07-04T16:47:02.109Z,jenkins-process,3.5,611.71
2026-07-04T16:47:02.976Z,jenkins-process,3.5,611.71
2026-07-04T16:47:03.861Z,jenkins-process,3.5,611.71
2026-07-04T16:47:04.628Z,jenkins-process,3.5,611.65
2026-07-04T16:47:05.423Z,jenkins-process,3.5,611.76
2026-07-04T16:47:06.277Z,jenkins-process,3.5,611.76
2026-07-04T16:47:07.034Z,jenkins-process,3.5,611.76
2026-07-04T16:47:07.804Z,jenkins-process,3.5,611.76
2026-07-04T16:47:08.607Z,jenkins-process,3.5,611.76
2026-07-04T16:47:09.371Z,jenkins-process,3.5,611.77
2026-07-04T16:47:10.499Z,jenkins-process,3.5,611.77
2026-07-04T16:47:11.326Z,jenkins-process,3.5,611.77
2026-07-04T16:47:12.110Z,jenkins-process,3.5,611.78
2026-07-04T16:47:12.879Z,jenkins-process,3.5,611.78
2026-07-04T16:47:13.662Z,jenkins-process,3.5,611.78
2026-07-04T16:47:14.553Z,jenkins-process,3.5,611.78
2026-07-04T16:47:15.400Z,jenkins-process,3.5,611.78
2026-07-04T16:47:16.185Z,jenkins-process,3.5,611.78
2026-07-04T16:47:16.990Z,jenkins-process,3.5,611.79
2026-07-04T16:47:17.755Z,jenkins-process,3.5,611.79
2026-07-04T16:47:18.649Z,jenkins-process,3.5,611.79
2026-07-04T16:47:19.527Z,jenkins-process,3.5,612.69
2026-07-04T16:47:20.350Z,jenkins-process,3.6,612.81
2026-07-04T16:47:21.198Z,jenkins-process,3.6,612.82
2026-07-04T16:47:21.967Z,jenkins-process,3.6,612.75
2026-07-04T16:47:22.867Z,jenkins-process,3.6,612.75
2026-07-04T16:47:23.717Z,jenkins-process,3.6,612.75
2026-07-04T16:47:24.504Z,jenkins-process,3.6,612.75
2026-07-04T16:47:25.312Z,jenkins-process,3.6,612.75
2026-07-04T16:47:26.105Z,jenkins-process,3.6,612.75
2026-07-04T16:47:27.004Z,jenkins-process,3.6,612.75
2026-07-04T16:47:27.822Z,jenkins-process,3.6,612.75
2026-07-04T16:47:28.553Z,jenkins-process,3.6,612.75
2026-07-04T16:47:29.344Z,jenkins-process,3.6,612.75
2026-07-04T16:47:30.192Z,jenkins-process,3.6,612.75
2026-07-04T16:47:31.021Z,jenkins-process,3.6,612.75
2026-07-04T16:47:31.774Z,jenkins-process,3.6,612.75
2026-07-04T16:47:32.578Z,jenkins-process,3.6,612.75
2026-07-04T16:47:33.512Z,jenkins-process,3.6,612.75
2026-07-04T16:47:34.348Z,jenkins-process,3.6,612.75
2026-07-04T16:47:35.224Z,jenkins-process,3.6,612.77
2026-07-04T16:47:36.025Z,jenkins-process,3.6,612.77
2026-07-04T16:47:36.845Z,jenkins-process,3.6,612.77
2026-07-04T16:47:37.680Z,jenkins-process,3.6,612.77
2026-07-04T16:47:38.531Z,jenkins-process,3.6,612.77
2026-07-04T16:47:39.421Z,jenkins-process,3.6,612.95
2026-07-04T16:47:40.284Z,jenkins-process,3.6,613.00
2026-07-04T16:47:41.053Z,jenkins-process,3.6,613.01
2026-07-04T16:47:41.954Z,jenkins-process,3.6,613.01
2026-07-04T16:47:42.814Z,jenkins-process,3.6,613.00
2026-07-04T16:47:43.674Z,jenkins-process,3.6,613.00
2026-07-04T16:47:44.435Z,jenkins-process,3.6,613.00
2026-07-04T16:47:45.264Z,jenkins-process,3.6,612.93
2026-07-04T16:47:46.055Z,jenkins-process,3.6,612.93
2026-07-04T16:47:46.870Z,jenkins-process,3.6,612.93
2026-07-04T16:47:47.612Z,jenkins-process,3.6,612.93
2026-07-04T16:47:48.431Z,jenkins-process,3.6,612.93
2026-07-04T16:47:49.159Z,jenkins-process,3.6,612.93
2026-07-04T16:47:50.053Z,jenkins-process,3.6,612.93
2026-07-04T16:47:50.928Z,jenkins-process,3.6,612.93
2026-07-04T16:47:51.610Z,jenkins-process,3.6,612.93
2026-07-04T16:47:52.284Z,jenkins-process,3.6,612.93
2026-07-04T16:47:53.115Z,jenkins-process,3.6,612.93
2026-07-04T16:47:53.847Z,jenkins-process,3.6,612.94
2026-07-04T16:47:54.608Z,jenkins-process,3.6,613.15
2026-07-04T16:47:55.395Z,jenkins-process,3.6,613.23
2026-07-04T16:47:56.231Z,jenkins-process,3.6,613.23
2026-07-04T16:47:56.923Z,jenkins-process,3.6,613.23
2026-07-04T16:47:57.747Z,jenkins-process,3.6,613.25
2026-07-04T16:47:58.584Z,jenkins-process,3.6,613.25
2026-07-04T16:47:59.457Z,jenkins-process,3.6,613.25
2026-07-04T16:48:00.322Z,jenkins-process,3.6,613.18
2026-07-04T16:48:01.037Z,jenkins-process,3.6,613.25
2026-07-04T16:48:01.754Z,jenkins-process,3.6,613.25
2026-07-04T16:48:02.582Z,jenkins-process,3.6,613.25
2026-07-04T16:48:03.451Z,jenkins-process,3.6,613.25
2026-07-04T16:48:04.213Z,jenkins-process,3.6,613.25
2026-07-04T16:48:04.953Z,jenkins-process,3.6,613.20
2026-07-04T16:48:05.728Z,jenkins-process,3.6,613.20
2026-07-04T16:48:06.534Z,jenkins-process,3.6,613.20
2026-07-04T16:48:07.326Z,jenkins-process,3.6,613.20
2026-07-04T16:48:08.099Z,jenkins-process,3.6,613.20
2026-07-04T16:48:08.948Z,jenkins-process,3.6,613.20
2026-07-04T16:48:09.752Z,jenkins-process,3.6,613.20
2026-07-04T16:48:10.435Z,jenkins-process,3.6,613.20
2026-07-04T16:48:11.552Z,jenkins-process,3.6,613.20
2026-07-04T16:48:12.315Z,jenkins-process,3.6,613.20
2026-07-04T16:48:13.132Z,jenkins-process,3.6,613.20
2026-07-04T16:48:14.034Z,jenkins-process,3.6,613.20
2026-07-04T16:48:14.861Z,jenkins-process,3.6,613.20
2026-07-04T16:48:15.627Z,jenkins-process,3.6,613.20
2026-07-04T16:48:16.514Z,jenkins-process,3.6,613.20
2026-07-04T16:48:17.360Z,jenkins-process,3.6,613.20
2026-07-04T16:48:18.394Z,jenkins-process,3.6,613.20
2026-07-04T16:48:19.270Z,jenkins-process,3.6,613.20
2026-07-04T16:48:20.060Z,jenkins-process,3.6,613.20
2026-07-04T16:48:20.873Z,jenkins-process,3.6,613.20
2026-07-04T16:48:21.728Z,jenkins-process,3.6,613.20
2026-07-04T16:48:22.572Z,jenkins-process,3.6,613.20
2026-07-04T16:48:23.449Z,jenkins-process,3.6,613.20
2026-07-04T16:48:24.274Z,jenkins-process,3.6,613.20
2026-07-04T16:48:25.047Z,jenkins-process,3.6,613.07
2026-07-04T16:48:25.947Z,jenkins-process,3.6,613.01
2026-07-04T16:48:26.848Z,jenkins-process,3.6,613.01
2026-07-04T16:48:27.776Z,jenkins-process,3.6,613.01
2026-07-04T16:48:28.570Z,jenkins-process,3.6,613.01
2026-07-04T16:48:29.274Z,jenkins-process,3.6,613.01
2026-07-04T16:48:30.110Z,jenkins-process,3.6,613.01
2026-07-04T16:48:30.953Z,jenkins-process,3.6,613.01
2026-07-04T16:48:31.824Z,jenkins-process,3.6,613.01
2026-07-04T16:48:32.646Z,jenkins-process,3.6,613.01
2026-07-04T16:48:33.431Z,jenkins-process,3.6,613.01
2026-07-04T16:48:34.299Z,jenkins-process,3.6,613.01
2026-07-04T16:48:35.154Z,jenkins-process,3.6,613.01
2026-07-04T16:48:36.004Z,jenkins-process,3.6,613.01
2026-07-04T16:48:36.809Z,jenkins-process,3.6,613.01
2026-07-04T16:48:37.624Z,jenkins-process,3.6,613.01
2026-07-04T16:48:38.543Z,jenkins-process,3.6,613.01
2026-07-04T16:48:39.360Z,jenkins-process,3.6,613.01
2026-07-04T16:48:40.223Z,jenkins-process,3.6,612.76
2026-07-04T16:48:41.081Z,jenkins-process,3.6,612.57
2026-07-04T16:48:41.865Z,jenkins-process,3.6,612.50
2026-07-04T16:48:42.691Z,jenkins-process,3.6,612.37
2026-07-04T16:48:43.545Z,jenkins-process,3.6,612.25
2026-07-04T16:48:44.423Z,jenkins-process,3.5,612.12
2026-07-04T16:48:45.228Z,jenkins-process,3.5,611.99
2026-07-04T16:48:46.056Z,jenkins-process,3.5,611.99
2026-07-04T16:48:46.900Z,jenkins-process,3.5,611.99
2026-07-04T16:48:47.740Z,jenkins-process,3.5,611.99
2026-07-04T16:48:48.629Z,jenkins-process,3.5,611.90
2026-07-04T16:48:49.382Z,jenkins-process,3.5,611.90
2026-07-04T16:48:50.184Z,jenkins-process,3.5,611.90
2026-07-04T16:48:51.081Z,jenkins-process,3.5,611.90
2026-07-04T16:48:51.926Z,jenkins-process,3.5,611.90
2026-07-04T16:48:52.891Z,jenkins-process,3.5,611.90
2026-07-04T16:48:53.679Z,jenkins-process,3.5,611.90
2026-07-04T16:48:54.501Z,jenkins-process,3.5,611.90
2026-07-04T16:48:55.284Z,jenkins-process,3.5,611.83
2026-07-04T16:48:56.152Z,jenkins-process,3.5,611.77
2026-07-04T16:48:57.046Z,jenkins-process,3.5,611.53
2026-07-04T16:48:57.872Z,jenkins-process,3.5,611.53
2026-07-04T16:48:58.617Z,jenkins-process,3.5,611.53
2026-07-04T16:48:59.502Z,jenkins-process,3.5,611.53
2026-07-04T16:49:00.329Z,jenkins-process,3.5,611.40
2026-07-04T16:49:01.215Z,jenkins-process,3.5,611.40
2026-07-04T16:49:01.977Z,jenkins-process,3.5,611.40
2026-07-04T16:49:02.768Z,jenkins-process,3.5,611.40
2026-07-04T16:49:03.738Z,jenkins-process,3.5,611.20
2026-07-04T16:49:04.644Z,jenkins-process,3.5,610.56
2026-07-04T16:49:05.577Z,jenkins-process,3.5,610.56
2026-07-04T16:49:06.432Z,jenkins-process,3.5,610.56
2026-07-04T16:49:07.248Z,jenkins-process,3.5,610.56
2026-07-04T16:49:08.022Z,jenkins-process,3.5,610.56
2026-07-04T16:49:08.936Z,jenkins-process,3.5,610.56
2026-07-04T16:49:09.762Z,jenkins-process,3.5,610.56
2026-07-04T16:49:10.609Z,jenkins-process,3.5,610.56
2026-07-04T16:49:11.384Z,jenkins-process,3.5,610.56
2026-07-04T16:49:12.432Z,jenkins-process,3.5,610.56
2026-07-04T16:49:13.153Z,jenkins-process,3.5,610.56
2026-07-04T16:49:13.926Z,jenkins-process,3.5,610.56
2026-07-04T16:49:14.806Z,jenkins-process,3.5,610.56
2026-07-04T16:49:15.558Z,jenkins-process,3.5,610.56
2026-07-04T16:49:16.412Z,jenkins-process,3.5,610.56
2026-07-04T16:49:17.286Z,jenkins-process,3.5,610.56
2026-07-04T16:49:18.142Z,jenkins-process,3.5,610.56
2026-07-04T16:49:18.989Z,jenkins-process,3.5,610.56
2026-07-04T16:49:19.727Z,jenkins-process,3.5,610.56
2026-07-04T16:49:20.537Z,jenkins-process,3.5,610.56
2026-07-04T16:49:21.411Z,jenkins-process,3.5,610.56
2026-07-04T16:49:22.280Z,jenkins-process,3.5,610.56
2026-07-04T16:49:23.075Z,jenkins-process,3.5,610.56
2026-07-04T16:49:23.868Z,jenkins-process,3.5,610.56
2026-07-04T16:49:24.686Z,jenkins-process,3.5,610.56
2026-07-04T16:49:25.559Z,jenkins-process,3.5,610.56
2026-07-04T16:49:26.430Z,jenkins-process,3.5,610.56
2026-07-04T16:49:27.230Z,jenkins-process,3.5,610.56
2026-07-04T16:49:27.954Z,jenkins-process,3.5,610.56
2026-07-04T16:49:28.865Z,jenkins-process,3.5,610.56
2026-07-04T16:49:29.720Z,jenkins-process,3.5,610.56
2026-07-04T16:49:30.602Z,jenkins-process,3.5,610.56
2026-07-04T16:49:31.555Z,jenkins-process,3.5,610.56
2026-07-04T16:49:32.354Z,jenkins-process,3.5,610.56
2026-07-04T16:49:33.192Z,jenkins-process,3.5,610.56
2026-07-04T16:49:34.143Z,jenkins-process,3.5,610.56
2026-07-04T16:49:35.055Z,jenkins-process,3.5,610.56
2026-07-04T16:49:35.932Z,jenkins-process,3.5,610.56
2026-07-04T16:49:36.664Z,jenkins-process,3.5,610.56
2026-07-04T16:49:37.467Z,jenkins-process,3.5,610.56
2026-07-04T16:49:38.302Z,jenkins-process,3.5,610.56
2026-07-04T16:49:39.152Z,jenkins-process,3.5,610.56
2026-07-04T16:49:40.035Z,jenkins-process,3.5,610.56
2026-07-04T16:49:40.772Z,jenkins-process,3.5,610.56
2026-07-04T16:49:41.580Z,jenkins-process,3.5,610.56
2026-07-04T16:49:42.496Z,jenkins-process,3.5,610.56
2026-07-04T16:49:43.401Z,jenkins-process,3.5,610.56
2026-07-04T16:49:44.264Z,jenkins-process,3.5,610.56
2026-07-04T16:49:45.030Z,jenkins-process,3.5,610.56
2026-07-04T16:49:45.758Z,jenkins-process,3.5,610.56
2026-07-04T16:49:46.602Z,jenkins-process,3.5,610.56
2026-07-04T16:49:47.398Z,jenkins-process,3.5,610.56
2026-07-04T16:49:48.088Z,jenkins-process,3.5,610.56
2026-07-04T16:49:48.772Z,jenkins-process,3.5,610.46
2026-07-04T16:49:49.543Z,jenkins-process,3.5,610.46
2026-07-04T16:49:50.303Z,jenkins-process,3.5,610.46
2026-07-04T16:49:51.067Z,jenkins-process,3.5,610.46
2026-07-04T16:49:51.891Z,jenkins-process,3.5,610.46
2026-07-04T16:49:52.720Z,jenkins-process,3.5,610.46
2026-07-04T16:49:53.573Z,jenkins-process,3.5,610.46
2026-07-04T16:49:54.282Z,jenkins-process,3.5,610.46
2026-07-04T16:49:55.028Z,jenkins-process,3.5,610.46
2026-07-04T16:49:55.840Z,jenkins-process,3.5,610.46
2026-07-04T16:49:56.556Z,jenkins-process,3.5,610.46
2026-07-04T16:49:57.294Z,jenkins-process,3.5,610.46
2026-07-04T16:49:58.161Z,jenkins-process,3.5,610.46
2026-07-04T16:49:58.996Z,jenkins-process,3.5,610.46
2026-07-04T16:49:59.886Z,jenkins-process,3.5,610.46
2026-07-04T16:50:00.631Z,jenkins-process,3.5,610.46
2026-07-04T16:50:01.339Z,jenkins-process,3.5,610.46
2026-07-04T16:50:02.155Z,jenkins-process,3.5,610.46
2026-07-04T16:50:03.027Z,jenkins-process,3.5,610.46
2026-07-04T16:50:03.772Z,jenkins-process,3.5,610.46
2026-07-04T16:50:04.489Z,jenkins-process,3.5,610.47
2026-07-04T16:50:05.328Z,jenkins-process,3.5,610.47
2026-07-04T16:50:06.198Z,jenkins-process,3.5,610.47
2026-07-04T16:50:06.929Z,jenkins-process,3.5,610.47
2026-07-04T16:50:07.658Z,jenkins-process,3.5,610.47
2026-07-04T16:50:08.513Z,jenkins-process,3.5,610.47
2026-07-04T16:50:09.367Z,jenkins-process,3.5,610.47
2026-07-04T16:50:10.072Z,jenkins-process,3.5,610.47
2026-07-04T16:50:10.793Z,jenkins-process,3.5,610.47
2026-07-04T16:50:11.580Z,jenkins-process,3.5,610.47
2026-07-04T16:50:12.254Z,jenkins-process,3.5,610.47
2026-07-04T16:50:13.273Z,jenkins-process,3.5,610.47
2026-07-04T16:50:14.023Z,jenkins-process,3.5,610.47
2026-07-04T16:50:14.919Z,jenkins-process,3.5,610.47
2026-07-04T16:50:15.758Z,jenkins-process,3.5,610.47
2026-07-04T16:50:16.504Z,jenkins-process,3.5,610.47
2026-07-04T16:50:17.221Z,jenkins-process,3.5,610.47
2026-07-04T16:50:18.130Z,jenkins-process,3.5,610.47
2026-07-04T16:50:19.012Z,jenkins-process,3.5,610.47
2026-07-04T16:50:19.812Z,jenkins-process,3.5,610.47
2026-07-04T16:50:20.518Z,jenkins-process,3.5,610.47
2026-07-04T16:50:21.235Z,jenkins-process,3.4,610.47
2026-07-04T16:50:22.140Z,jenkins-process,3.4,610.47
2026-07-04T16:50:22.915Z,jenkins-process,3.4,610.47
2026-07-04T16:50:23.671Z,jenkins-process,3.4,610.47
2026-07-04T16:50:24.451Z,jenkins-process,3.4,610.47
2026-07-04T16:50:25.237Z,jenkins-process,3.4,610.47
2026-07-04T16:50:26.104Z,jenkins-process,3.4,610.47
2026-07-04T16:50:26.869Z,jenkins-process,3.4,610.47
2026-07-04T16:50:27.595Z,jenkins-process,3.4,610.47
2026-07-04T16:50:28.400Z,jenkins-process,3.4,610.47
2026-07-04T16:50:29.263Z,jenkins-process,3.4,610.47
2026-07-04T16:50:29.958Z,jenkins-process,3.4,610.47
2026-07-04T16:50:30.710Z,jenkins-process,3.4,610.47
2026-07-04T16:50:31.537Z,jenkins-process,3.4,610.47
2026-07-04T16:50:32.259Z,jenkins-process,3.4,610.47
2026-07-04T16:50:33.046Z,jenkins-process,3.4,610.47
2026-07-04T16:50:33.836Z,jenkins-process,3.4,610.47
2026-07-04T16:50:34.655Z,jenkins-process,3.4,610.47
2026-07-04T16:50:35.518Z,jenkins-process,3.4,610.47
2026-07-04T16:50:36.255Z,jenkins-process,3.4,610.47
2026-07-04T16:50:37.097Z,jenkins-process,3.4,610.47
2026-07-04T16:50:37.917Z,jenkins-process,3.4,610.47
2026-07-04T16:50:38.701Z,jenkins-process,3.4,610.47
2026-07-04T16:50:39.493Z,jenkins-process,3.4,610.52
2026-07-04T16:50:40.247Z,jenkins-process,3.4,610.52
2026-07-04T16:50:41.124Z,jenkins-process,3.4,610.52
2026-07-04T16:50:41.937Z,jenkins-process,3.4,610.52
2026-07-04T16:50:42.700Z,jenkins-process,3.4,610.52
2026-07-04T16:50:43.511Z,jenkins-process,3.4,610.52
2026-07-04T16:50:44.267Z,jenkins-process,3.4,610.52
2026-07-04T16:50:45.115Z,jenkins-process,3.4,610.52
2026-07-04T16:50:46.006Z,jenkins-process,3.4,610.52
2026-07-04T16:50:46.722Z,jenkins-process,3.4,610.52
2026-07-04T16:50:47.495Z,jenkins-process,3.4,610.52
2026-07-04T16:50:48.563Z,jenkins-process,3.4,610.42
2026-07-04T16:50:49.466Z,jenkins-process,3.4,610.42
2026-07-04T16:50:50.220Z,jenkins-process,3.4,610.42
2026-07-04T16:50:50.958Z,jenkins-process,3.4,610.42
2026-07-04T16:50:51.734Z,jenkins-process,3.4,610.42
2026-07-04T16:50:52.523Z,jenkins-process,3.4,610.42
2026-07-04T16:50:53.378Z,jenkins-process,3.4,610.42
2026-07-04T16:50:54.106Z,jenkins-process,3.4,610.42
2026-07-04T16:50:54.883Z,jenkins-process,3.4,610.42
2026-07-04T16:50:55.703Z,jenkins-process,3.4,610.42
2026-07-04T16:50:56.527Z,jenkins-process,3.4,610.42
2026-07-04T16:50:57.315Z,jenkins-process,3.4,610.42
2026-07-04T16:50:58.056Z,jenkins-process,3.4,610.42
2026-07-04T16:50:58.880Z,jenkins-process,3.4,610.42
2026-07-04T16:50:59.731Z,jenkins-process,3.4,610.42
2026-07-04T16:51:00.515Z,jenkins-process,3.4,610.42
2026-07-04T16:51:01.254Z,jenkins-process,3.4,610.42
2026-07-04T16:51:02.047Z,jenkins-process,3.4,610.42
2026-07-04T16:51:02.886Z,jenkins-process,3.4,610.42
2026-07-04T16:51:03.682Z,jenkins-process,3.4,610.42
2026-07-04T16:51:04.410Z,jenkins-process,3.4,610.42
2026-07-04T16:51:05.258Z,jenkins-process,3.4,610.42
2026-07-04T16:51:06.049Z,jenkins-process,3.4,610.42
2026-07-04T16:51:06.970Z,jenkins-process,3.4,610.42
2026-07-04T16:51:07.721Z,jenkins-process,3.4,610.42
2026-07-04T16:51:08.424Z,jenkins-process,3.4,610.42
2026-07-04T16:51:09.231Z,jenkins-process,3.4,610.42
2026-07-04T16:51:10.011Z,jenkins-process,3.4,610.42
2026-07-04T16:51:10.757Z,jenkins-process,3.4,610.42
2026-07-04T16:51:11.585Z,jenkins-process,3.4,610.42
2026-07-04T16:51:12.495Z,jenkins-process,3.4,610.42
2026-07-04T16:51:13.299Z,jenkins-process,3.4,610.42
2026-07-04T16:51:14.372Z,jenkins-process,3.4,610.42
2026-07-04T16:51:15.063Z,jenkins-process,3.4,610.42
2026-07-04T16:51:15.808Z,jenkins-process,3.4,610.42
2026-07-04T16:51:16.611Z,jenkins-process,3.4,610.42
2026-07-04T16:51:17.462Z,jenkins-process,3.4,610.42
2026-07-04T16:51:18.226Z,jenkins-process,3.4,610.42
2026-07-04T16:51:18.953Z,jenkins-process,3.4,610.42
2026-07-04T16:51:19.771Z,jenkins-process,3.4,610.49
2026-07-04T16:51:20.637Z,jenkins-process,3.4,610.49
2026-07-04T16:51:21.397Z,jenkins-process,3.4,610.49
2026-07-04T16:51:22.198Z,jenkins-process,3.4,610.49
2026-07-04T16:51:23.015Z,jenkins-process,3.4,610.49
2026-07-04T16:51:23.845Z,jenkins-process,3.4,610.49
2026-07-04T16:51:24.655Z,jenkins-process,3.4,610.49
2026-07-04T16:51:25.409Z,jenkins-process,3.4,610.49
2026-07-04T16:51:26.236Z,jenkins-process,3.4,610.49
2026-07-04T16:51:27.079Z,jenkins-process,3.4,610.49
2026-07-04T16:51:27.930Z,jenkins-process,3.4,610.49
2026-07-04T16:51:28.706Z,jenkins-process,3.4,610.49
2026-07-04T16:51:29.407Z,jenkins-process,3.4,610.49
2026-07-04T16:51:30.247Z,jenkins-process,3.4,610.49
2026-07-04T16:51:30.956Z,jenkins-process,3.4,610.49
2026-07-04T16:51:31.764Z,jenkins-process,3.4,610.49
2026-07-04T16:51:32.505Z,jenkins-process,3.4,610.49
2026-07-04T16:51:33.334Z,jenkins-process,3.4,610.49
2026-07-04T16:51:34.272Z,jenkins-process,3.4,610.49
2026-07-04T16:51:35.039Z,jenkins-process,3.4,610.49
2026-07-04T16:51:35.891Z,jenkins-process,3.4,610.49
2026-07-04T16:51:36.695Z,jenkins-process,3.4,610.49
2026-07-04T16:51:37.521Z,jenkins-process,3.4,610.49
2026-07-04T16:51:38.294Z,jenkins-process,3.4,610.49
2026-07-04T16:51:38.995Z,jenkins-process,3.4,610.49
2026-07-04T16:51:39.829Z,jenkins-process,3.4,610.49
2026-07-04T16:51:40.725Z,jenkins-process,3.4,610.49
2026-07-04T16:51:41.599Z,jenkins-process,3.4,610.49
2026-07-04T16:51:42.309Z,jenkins-process,3.4,610.49
2026-07-04T16:51:43.052Z,jenkins-process,3.4,610.49
2026-07-04T16:51:43.865Z,jenkins-process,3.4,610.49
2026-07-04T16:51:44.728Z,jenkins-process,3.4,610.49
2026-07-04T16:51:45.480Z,jenkins-process,3.4,610.49
2026-07-04T16:51:46.220Z,jenkins-process,3.4,610.49
2026-07-04T16:51:46.989Z,jenkins-process,3.4,610.49
2026-07-04T16:51:47.878Z,jenkins-process,3.4,610.49
2026-07-04T16:51:48.591Z,jenkins-process,3.4,610.49
2026-07-04T16:51:49.361Z,jenkins-process,3.4,610.49
2026-07-04T16:51:50.179Z,jenkins-process,3.4,610.49
2026-07-04T16:51:51.025Z,jenkins-process,3.4,610.49
2026-07-04T16:51:51.789Z,jenkins-process,3.4,610.49
2026-07-04T16:51:52.542Z,jenkins-process,3.4,610.49
2026-07-04T16:51:53.377Z,jenkins-process,3.4,610.35
2026-07-04T16:51:54.234Z,jenkins-process,3.4,610.35
2026-07-04T16:51:54.983Z,jenkins-process,3.4,610.35
2026-07-04T16:51:55.804Z,jenkins-process,3.4,610.35
2026-07-04T16:51:56.665Z,jenkins-process,3.4,610.35
2026-07-04T16:51:57.493Z,jenkins-process,3.4,610.35
2026-07-04T16:51:58.395Z,jenkins-process,3.4,610.35
2026-07-04T16:51:59.110Z,jenkins-process,3.4,610.35
2026-07-04T16:51:59.900Z,jenkins-process,3.4,610.35
2026-07-04T16:52:00.803Z,jenkins-process,3.4,610.35
2026-07-04T16:52:01.638Z,jenkins-process,3.4,610.35
2026-07-04T16:52:02.394Z,jenkins-process,3.4,610.35
2026-07-04T16:52:03.089Z,jenkins-process,3.4,610.35
2026-07-04T16:52:03.917Z,jenkins-process,3.4,610.35
2026-07-04T16:52:04.746Z,jenkins-process,3.4,610.35
2026-07-04T16:52:05.517Z,jenkins-process,3.4,610.35
2026-07-04T16:52:06.250Z,jenkins-process,3.4,610.35
2026-07-04T16:52:07.191Z,jenkins-process,3.4,610.35
2026-07-04T16:52:07.995Z,jenkins-process,3.3,610.35
2026-07-04T16:52:08.857Z,jenkins-process,3.3,610.35
2026-07-04T16:52:09.550Z,jenkins-process,3.3,610.35
2026-07-04T16:52:10.291Z,jenkins-process,3.3,610.35
2026-07-04T16:52:11.158Z,jenkins-process,3.3,610.35
2026-07-04T16:52:12.005Z,jenkins-process,3.3,610.35
2026-07-04T16:52:12.745Z,jenkins-process,3.3,610.35
2026-07-04T16:52:13.457Z,jenkins-process,3.3,610.35
2026-07-04T16:52:14.259Z,jenkins-process,3.3,610.35
2026-07-04T16:52:15.280Z,jenkins-process,3.3,610.35
2026-07-04T16:52:16.019Z,jenkins-process,3.3,610.35
2026-07-04T16:52:16.746Z,jenkins-process,3.3,610.35
2026-07-04T16:52:17.555Z,jenkins-process,3.3,610.35
2026-07-04T16:52:18.419Z,jenkins-process,3.3,610.35
2026-07-04T16:52:19.179Z,jenkins-process,3.3,610.35
2026-07-04T16:52:19.974Z,jenkins-process,3.3,610.35
2026-07-04T16:52:20.815Z,jenkins-process,3.3,610.35
2026-07-04T16:52:21.610Z,jenkins-process,3.3,610.35
2026-07-04T16:52:22.472Z,jenkins-process,3.3,610.35
2026-07-04T16:52:23.188Z,jenkins-process,3.3,610.35
2026-07-04T16:52:23.906Z,jenkins-process,3.3,610.35
2026-07-04T16:52:24.773Z,jenkins-process,3.3,610.35
2026-07-04T16:52:25.647Z,jenkins-process,3.3,610.35
2026-07-04T16:52:26.359Z,jenkins-process,3.3,610.35
2026-07-04T16:52:27.086Z,jenkins-process,3.3,610.35
2026-07-04T16:52:27.893Z,jenkins-process,3.3,610.35
2026-07-04T16:52:28.762Z,jenkins-process,3.3,610.35
2026-07-04T16:52:29.521Z,jenkins-process,3.3,610.35
2026-07-04T16:52:30.240Z,jenkins-process,3.3,610.35
2026-07-04T16:52:31.034Z,jenkins-process,3.3,610.35
2026-07-04T16:52:31.766Z,jenkins-process,3.3,610.35
2026-07-04T16:52:32.530Z,jenkins-process,3.3,610.35
2026-07-04T16:52:33.361Z,jenkins-process,3.3,610.35
2026-07-04T16:52:34.157Z,jenkins-process,3.3,610.35
2026-07-04T16:52:34.921Z,jenkins-process,3.3,610.35
2026-07-04T16:52:35.717Z,jenkins-process,3.3,610.35
2026-07-04T16:52:36.503Z,jenkins-process,3.3,610.35
2026-07-04T16:52:37.296Z,jenkins-process,3.3,610.35
2026-07-04T16:52:38.092Z,jenkins-process,3.3,610.35
2026-07-04T16:52:38.809Z,jenkins-process,3.3,610.35
2026-07-04T16:52:39.625Z,jenkins-process,3.3,610.35
2026-07-04T16:52:40.414Z,jenkins-process,3.3,610.35
2026-07-04T16:52:41.198Z,jenkins-process,3.3,610.35
2026-07-04T16:52:41.914Z,jenkins-process,3.3,610.35
2026-07-04T16:52:42.753Z,jenkins-process,3.3,610.35
2026-07-04T16:52:43.543Z,jenkins-process,3.3,610.35
2026-07-04T16:52:44.498Z,jenkins-process,3.3,610.35
2026-07-04T16:52:45.204Z,jenkins-process,3.3,610.35
2026-07-04T16:52:45.919Z,jenkins-process,3.3,610.35
2026-07-04T16:52:46.737Z,jenkins-process,3.3,610.35
2026-07-04T16:52:47.448Z,jenkins-process,3.3,610.35
2026-07-04T16:52:48.175Z,jenkins-process,3.3,610.35
2026-07-04T16:52:48.953Z,jenkins-process,3.3,610.35
2026-07-04T16:52:49.742Z,jenkins-process,3.3,610.35
2026-07-04T16:52:50.432Z,jenkins-process,3.3,610.35
2026-07-04T16:52:51.203Z,jenkins-process,3.3,610.35
2026-07-04T16:52:52.058Z,jenkins-process,3.3,610.35
2026-07-04T16:52:52.914Z,jenkins-process,3.3,610.35
2026-07-04T16:52:53.637Z,jenkins-process,3.3,610.22
2026-07-04T16:52:54.399Z,jenkins-process,3.3,610.22
2026-07-04T16:52:55.198Z,jenkins-process,3.3,610.22
2026-07-04T16:52:56.063Z,jenkins-process,3.3,610.22
2026-07-04T16:52:56.772Z,jenkins-process,3.3,610.22
2026-07-04T16:52:57.500Z,jenkins-process,3.3,610.22
2026-07-04T16:52:58.298Z,jenkins-process,3.3,610.22
2026-07-04T16:52:59.041Z,jenkins-process,3.3,610.22
2026-07-04T16:52:59.799Z,jenkins-process,3.3,610.22
2026-07-04T16:53:00.612Z,jenkins-process,3.3,610.22
2026-07-04T16:53:01.431Z,jenkins-process,3.3,610.22
2026-07-04T16:53:02.162Z,jenkins-process,3.3,610.22
2026-07-04T16:53:02.903Z,jenkins-process,3.3,610.22
2026-07-04T16:53:03.797Z,jenkins-process,3.3,610.22
2026-07-04T16:53:04.608Z,jenkins-process,3.3,610.22
2026-07-04T16:53:05.345Z,jenkins-process,3.3,610.22
2026-07-04T16:53:06.150Z,jenkins-process,3.3,610.22
2026-07-04T16:53:06.897Z,jenkins-process,3.3,610.22
2026-07-04T16:53:07.728Z,jenkins-process,3.3,610.22
2026-07-04T16:53:08.491Z,jenkins-process,3.3,610.22
2026-07-04T16:53:09.258Z,jenkins-process,3.3,610.22
2026-07-04T16:53:10.097Z,jenkins-process,3.3,610.22
2026-07-04T16:53:10.908Z,jenkins-process,3.3,610.22
2026-07-04T16:53:11.631Z,jenkins-process,3.3,610.22
2026-07-04T16:53:12.397Z,jenkins-process,3.3,610.22
2026-07-04T16:53:13.214Z,jenkins-process,3.3,610.22
2026-07-04T16:53:14.068Z,jenkins-process,3.3,610.22
2026-07-04T16:53:14.951Z,jenkins-process,3.3,610.22
2026-07-04T16:53:16.014Z,jenkins-process,3.3,610.22
2026-07-04T16:53:16.814Z,jenkins-process,3.3,610.22
2026-07-04T16:53:17.594Z,jenkins-process,3.3,610.22
2026-07-04T16:53:18.415Z,jenkins-process,3.3,610.22
2026-07-04T16:53:19.261Z,jenkins-process,3.3,610.22
2026-07-04T16:53:20.010Z,jenkins-process,3.3,610.22
2026-07-04T16:53:20.719Z,jenkins-process,3.3,610.22
2026-07-04T16:53:21.631Z,jenkins-process,3.3,610.22
2026-07-04T16:53:22.449Z,jenkins-process,3.3,610.22
2026-07-04T16:53:23.288Z,jenkins-process,3.3,610.22
2026-07-04T16:53:23.999Z,jenkins-process,3.3,610.22
2026-07-04T16:53:24.692Z,jenkins-process,3.3,610.22
2026-07-04T16:53:25.598Z,jenkins-process,3.3,610.22
2026-07-04T16:53:26.422Z,jenkins-process,3.3,610.22
2026-07-04T16:53:27.166Z,jenkins-process,3.3,610.22
2026-07-04T16:53:27.910Z,jenkins-process,3.3,610.22
2026-07-04T16:53:28.681Z,jenkins-process,3.3,610.22
2026-07-04T16:53:29.412Z,jenkins-process,3.3,610.22
2026-07-04T16:53:30.157Z,jenkins-process,3.3,610.22
2026-07-04T16:53:31.065Z,jenkins-process,3.3,610.22
2026-07-04T16:53:31.856Z,jenkins-process,3.3,610.22
2026-07-04T16:53:32.748Z,jenkins-process,3.3,610.22
2026-07-04T16:53:33.535Z,jenkins-process,3.3,610.22
2026-07-04T16:53:34.299Z,jenkins-process,3.3,610.22
2026-07-04T16:53:35.171Z,jenkins-process,3.3,610.22
2026-07-04T16:53:35.977Z,jenkins-process,3.3,610.22
2026-07-04T16:53:36.766Z,jenkins-process,3.3,610.22
2026-07-04T16:53:37.475Z,jenkins-process,3.3,610.22
2026-07-04T16:53:38.307Z,jenkins-process,3.3,610.22
2026-07-04T16:53:39.117Z,jenkins-process,3.3,610.22
2026-07-04T16:53:39.865Z,jenkins-process,3.3,610.22
2026-07-04T16:53:40.698Z,jenkins-process,3.3,610.22
2026-07-04T16:53:41.501Z,jenkins-process,3.3,610.22
2026-07-04T16:53:42.352Z,jenkins-process,3.3,610.22
2026-07-04T16:53:43.219Z,jenkins-process,3.3,610.22
2026-07-04T16:53:43.970Z,jenkins-process,3.3,610.22
2026-07-04T16:53:44.676Z,jenkins-process,3.3,610.22
2026-07-04T16:53:45.519Z,jenkins-process,3.3,610.22
2026-07-04T16:53:46.246Z,jenkins-process,3.3,610.22
2026-07-04T16:53:46.984Z,jenkins-process,3.3,610.22
2026-07-04T16:53:47.765Z,jenkins-process,3.3,610.22
2026-07-04T16:53:48.609Z,jenkins-process,3.3,610.22
2026-07-04T16:53:49.374Z,jenkins-process,3.3,610.22
2026-07-04T16:53:50.088Z,jenkins-process,3.3,610.22
2026-07-04T16:53:50.940Z,jenkins-process,3.3,610.22
2026-07-04T16:53:51.756Z,jenkins-process,3.3,610.22
2026-07-04T16:53:52.546Z,jenkins-process,3.3,610.22
2026-07-04T16:53:53.256Z,jenkins-process,3.3,610.22
2026-07-04T16:53:54.072Z,jenkins-process,3.3,610.22
2026-07-04T16:53:54.927Z,jenkins-process,3.3,610.22
2026-07-04T16:53:55.869Z,jenkins-process,3.3,610.22
2026-07-04T16:53:56.663Z,jenkins-process,3.3,610.22
2026-07-04T16:53:57.369Z,jenkins-process,3.3,610.22
2026-07-04T16:53:58.213Z,jenkins-process,3.3,610.22
2026-07-04T16:53:59.111Z,jenkins-process,3.3,610.10
2026-07-04T16:53:59.817Z,jenkins-process,3.3,610.10
2026-07-04T16:54:00.635Z,jenkins-process,3.3,610.10
2026-07-04T16:54:01.465Z,jenkins-process,3.3,610.10
2026-07-04T16:54:02.276Z,jenkins-process,3.3,610.10
2026-07-04T16:54:03.145Z,jenkins-process,3.2,610.10
2026-07-04T16:54:03.885Z,jenkins-process,3.2,610.10
2026-07-04T16:54:04.646Z,jenkins-process,3.2,610.10
2026-07-04T16:54:05.425Z,jenkins-process,3.2,610.10
2026-07-04T16:54:06.317Z,jenkins-process,3.2,610.10
2026-07-04T16:54:07.039Z,jenkins-process,3.2,610.10
2026-07-04T16:54:07.777Z,jenkins-process,3.2,610.10
2026-07-04T16:54:08.560Z,jenkins-process,3.2,610.10
2026-07-04T16:54:09.285Z,jenkins-process,3.2,610.10
2026-07-04T16:54:10.015Z,jenkins-process,3.2,610.10
2026-07-04T16:54:10.871Z,jenkins-process,3.2,610.10
2026-07-04T16:54:11.687Z,jenkins-process,3.2,610.10
2026-07-04T16:54:12.421Z,jenkins-process,3.2,610.10
2026-07-04T16:54:13.241Z,jenkins-process,3.2,610.10
2026-07-04T16:54:14.028Z,jenkins-process,3.2,610.10
2026-07-04T16:54:14.847Z,jenkins-process,3.2,610.10
2026-07-04T16:54:15.575Z,jenkins-process,3.2,610.10
2026-07-04T16:54:16.610Z,jenkins-process,3.2,610.10
2026-07-04T16:54:17.383Z,jenkins-process,3.2,610.10
2026-07-04T16:54:18.221Z,jenkins-process,3.2,610.10
2026-07-04T16:54:19.071Z,jenkins-process,3.2,610.10
2026-07-04T16:54:19.932Z,jenkins-process,3.2,610.10
2026-07-04T16:54:20.703Z,jenkins-process,3.2,610.10
2026-07-04T16:54:21.418Z,jenkins-process,3.2,610.10
2026-07-04T16:54:22.243Z,jenkins-process,3.2,610.10
2026-07-04T16:54:23.083Z,jenkins-process,3.2,610.10
2026-07-04T16:54:23.818Z,jenkins-process,3.2,610.10
2026-07-04T16:54:24.564Z,jenkins-process,3.2,610.10
2026-07-04T16:54:25.360Z,jenkins-process,3.2,610.10
2026-07-04T16:54:26.226Z,jenkins-process,3.2,610.10
2026-07-04T16:54:26.967Z,jenkins-process,3.2,610.10
2026-07-04T16:54:27.705Z,jenkins-process,3.2,610.10
2026-07-04T16:54:28.523Z,jenkins-process,3.2,610.10
2026-07-04T16:54:29.390Z,jenkins-process,3.2,610.10
2026-07-04T16:54:30.066Z,jenkins-process,3.2,610.10
2026-07-04T16:54:30.780Z,jenkins-process,3.2,610.10
2026-07-04T16:54:31.579Z,jenkins-process,3.2,610.10
2026-07-04T16:54:32.321Z,jenkins-process,3.2,610.10
2026-07-04T16:54:33.047Z,jenkins-process,3.2,610.10
2026-07-04T16:54:33.924Z,jenkins-process,3.2,610.10
2026-07-04T16:54:34.754Z,jenkins-process,3.2,610.10
2026-07-04T16:54:35.504Z,jenkins-process,3.2,610.10
2026-07-04T16:54:36.243Z,jenkins-process,3.2,610.10
2026-07-04T16:54:37.054Z,jenkins-process,3.2,610.10
2026-07-04T16:54:37.922Z,jenkins-process,3.2,610.10
2026-07-04T16:54:38.625Z,jenkins-process,3.2,610.10
2026-07-04T16:54:39.368Z,jenkins-process,3.2,610.10
2026-07-04T16:54:40.261Z,jenkins-process,3.2,610.10
